{
  "corpus": {
    "n_procedures": 5208,
    "n_chunks": 33255,
    "n_linh_vuc": 281,
    "chunks_per_proc_mean": 6.39,
    "chunks_per_proc_min": 3,
    "chunks_per_proc_max": 8,
    "top_linh_vuc": [
      [
        "Hải quan",
        198
      ],
      [
        "Hàng hải và đường thủy nội địa",
        170
      ],
      [
        "Hoạt động khoa học và công nghệ",
        166
      ],
      [
        "Thành lập và hoạt động ngân hàng",
        143
      ],
      [
        "Thuế",
        140
      ],
      [
        "Đường bộ",
        119
      ],
      [
        "Xuất nhập khẩu",
        106
      ],
      [
        "Hàng không",
        92
      ],
      [
        "Tiêu chuẩn đo lường chất lượng",
        85
      ],
      [
        "Chứng khoán",
        77
      ]
    ],
    "sections": [
      [
        "Trình tự thực hiện",
        5208
      ],
      [
        "Cách thức thực hiện",
        5208
      ],
      [
        "Kết quả thực hiện",
        5187
      ],
      [
        "Thành phần hồ sơ",
        5168
      ],
      [
        "Căn cứ pháp lý",
        5067
      ],
      [
        "Phí, lệ phí",
        4295
      ],
      [
        "Yêu cầu, điều kiện thực hiện",
        2269
      ],
      [
        "Địa chỉ tiếp nhận hồ sơ",
        853
      ]
    ]
  },
  "gt": {
    "n_auto": 180,
    "n_manual": 30,
    "per_type_auto": {
      "factual_lookup": 30,
      "paraphrase": 30,
      "scenario": 30,
      "aspect_hoso": 30,
      "aspect_phi_dk": 30,
      "keyword_short": 30
    },
    "per_type_manual": {
      "manual_inscope": 20,
      "out_of_scope": 10
    },
    "q_len_mean": 93.8,
    "q_len_min": 17,
    "q_len_max": 206
  },
  "eval": {
    "hybrid": {
      "hit@1": 0.6611111111111111,
      "hit@3": 0.8611111111111112,
      "hit@5": 0.9222222222222223,
      "hit@10": 0.9722222222222222,
      "recall@5": 0.9222222222222223,
      "rr": 0.774945404087561,
      "ndcg@10": 0.8227895480152777
    },
    "vector": {
      "hit@1": 0.6666666666666666,
      "hit@3": 0.8888888888888888,
      "hit@5": 0.9222222222222223,
      "hit@10": 0.9555555555555556,
      "recall@5": 0.9222222222222223,
      "rr": 0.7808553791887124,
      "ndcg@10": 0.8239753878822564
    },
    "by_q_type": {
      "factual_lookup": {
        "hit@1": 0.7666666666666667,
        "hit@3": 0.9333333333333333,
        "hit@5": 0.9666666666666667,
        "hit@10": 0.9666666666666667,
        "recall@5": 0.9666666666666667,
        "rr": 0.8527777777777779,
        "ndcg@10": 0.8818131857453075,
        "n": 30
      },
      "paraphrase": {
        "hit@1": 0.7333333333333333,
        "hit@3": 0.8333333333333334,
        "hit@5": 0.9333333333333333,
        "hit@10": 0.9666666666666667,
        "recall@5": 0.9333333333333333,
        "rr": 0.8114285714285714,
        "ndcg@10": 0.8491442839143011,
        "n": 30
      },
      "scenario": {
        "hit@1": 0.6,
        "hit@3": 0.8333333333333334,
        "hit@5": 0.9,
        "hit@10": 0.9666666666666667,
        "recall@5": 0.9,
        "rr": 0.7277777777777777,
        "ndcg@10": 0.7865828834882888,
        "n": 30
      },
      "aspect_hoso": {
        "hit@1": 0.6333333333333333,
        "hit@3": 0.8666666666666667,
        "hit@5": 0.9333333333333333,
        "hit@10": 1.0,
        "recall@5": 0.9333333333333333,
        "rr": 0.7714285714285712,
        "ndcg@10": 0.8278824052672297,
        "n": 30
      },
      "aspect_phi_dk": {
        "hit@1": 0.7,
        "hit@3": 0.8666666666666667,
        "hit@5": 0.9,
        "hit@10": 0.9666666666666667,
        "recall@5": 0.9,
        "rr": 0.7862200435729847,
        "ndcg@10": 0.8256498012378833,
        "n": 30
      },
      "keyword_short": {
        "hit@1": 0.5333333333333333,
        "hit@3": 0.8333333333333334,
        "hit@5": 0.9,
        "hit@10": 0.9666666666666667,
        "recall@5": 0.9,
        "rr": 0.7000396825396824,
        "ndcg@10": 0.7656647284386603,
        "n": 30
      }
    },
    "gate": {
      "n_inscope": 20,
      "n_out_of_scope": 10,
      "gate_recall_inscope": 0.65,
      "oos_rejection_rate": 1.0,
      "avg_docs_passed_oos": 0.0
    },
    "manual": {
      "hit@1": 0.5,
      "hit@3": 0.9,
      "hit@5": 0.9,
      "hit@10": 0.95,
      "recall@5": 0.9,
      "rr": 0.6888888888888889,
      "ndcg@10": 0.7543304258546364
    },
    "rank_buckets": {
      "1": 119,
      "2": 27,
      "3": 9,
      "4": 8,
      "5": 3,
      "6–10": 9,
      "11–20": 1,
      "Trượt (0)": 4
    }
  }
}