{
  "n": 180,
  "overall": {
    "hit@1": 0.6666666666666666,
    "hit@3": 0.8888888888888888,
    "hit@5": 0.9222222222222223,
    "hit@10": 0.9555555555555556,
    "recall@5": 0.9222222222222223,
    "rr": 0.7808553791887124,
    "ndcg@10": 0.8239753878822564
  },
  "by_q_type": {
    "factual_lookup": {
      "hit@1": 0.6666666666666666,
      "hit@3": 0.8333333333333334,
      "hit@5": 0.8333333333333334,
      "hit@10": 0.8333333333333334,
      "recall@5": 0.8333333333333334,
      "rr": 0.7444444444444444,
      "ndcg@10": 0.7674573004761943,
      "n": 30
    },
    "paraphrase": {
      "hit@1": 0.7,
      "hit@3": 0.9,
      "hit@5": 0.9333333333333333,
      "hit@10": 0.9333333333333333,
      "recall@5": 0.9333333333333333,
      "rr": 0.7955555555555555,
      "ndcg@10": 0.8303523940506791,
      "n": 30
    },
    "scenario": {
      "hit@1": 0.7,
      "hit@3": 0.9,
      "hit@5": 0.9333333333333333,
      "hit@10": 1.0,
      "recall@5": 0.9333333333333333,
      "rr": 0.805873015873016,
      "ndcg@10": 0.8533370780653908,
      "n": 30
    },
    "aspect_hoso": {
      "hit@1": 0.6,
      "hit@3": 0.8666666666666667,
      "hit@5": 0.9666666666666667,
      "hit@10": 0.9666666666666667,
      "recall@5": 0.9666666666666667,
      "rr": 0.7455555555555554,
      "ndcg@10": 0.8011261481603358,
      "n": 30
    },
    "aspect_phi_dk": {
      "hit@1": 0.7333333333333333,
      "hit@3": 0.9666666666666667,
      "hit@5": 0.9666666666666667,
      "hit@10": 1.0,
      "recall@5": 0.9666666666666667,
      "rr": 0.8388888888888888,
      "ndcg@10": 0.8766548996847346,
      "n": 30
    },
    "keyword_short": {
      "hit@1": 0.6,
      "hit@3": 0.8666666666666667,
      "hit@5": 0.9,
      "hit@10": 1.0,
      "recall@5": 0.9,
      "rr": 0.7548148148148147,
      "ndcg@10": 0.8149245068562078,
      "n": 30
    }
  }
}