{
  "n": 180,
  "overall": {
    "hit@1": 0.6611111111111111,
    "hit@3": 0.8611111111111112,
    "hit@5": 0.9222222222222223,
    "hit@10": 0.9722222222222222,
    "recall@5": 0.9222222222222223,
    "rr": 0.774945404087561,
    "ndcg@10": 0.8227895480152777
  },
  "by_q_type": {
    "factual_lookup": {
      "hit@1": 0.7666666666666667,
      "hit@3": 0.9333333333333333,
      "hit@5": 0.9666666666666667,
      "hit@10": 0.9666666666666667,
      "recall@5": 0.9666666666666667,
      "rr": 0.8527777777777779,
      "ndcg@10": 0.8818131857453075,
      "n": 30
    },
    "paraphrase": {
      "hit@1": 0.7333333333333333,
      "hit@3": 0.8333333333333334,
      "hit@5": 0.9333333333333333,
      "hit@10": 0.9666666666666667,
      "recall@5": 0.9333333333333333,
      "rr": 0.8114285714285714,
      "ndcg@10": 0.8491442839143011,
      "n": 30
    },
    "scenario": {
      "hit@1": 0.6,
      "hit@3": 0.8333333333333334,
      "hit@5": 0.9,
      "hit@10": 0.9666666666666667,
      "recall@5": 0.9,
      "rr": 0.7277777777777777,
      "ndcg@10": 0.7865828834882888,
      "n": 30
    },
    "aspect_hoso": {
      "hit@1": 0.6333333333333333,
      "hit@3": 0.8666666666666667,
      "hit@5": 0.9333333333333333,
      "hit@10": 1.0,
      "recall@5": 0.9333333333333333,
      "rr": 0.7714285714285712,
      "ndcg@10": 0.8278824052672297,
      "n": 30
    },
    "aspect_phi_dk": {
      "hit@1": 0.7,
      "hit@3": 0.8666666666666667,
      "hit@5": 0.9,
      "hit@10": 0.9666666666666667,
      "recall@5": 0.9,
      "rr": 0.7862200435729847,
      "ndcg@10": 0.8256498012378833,
      "n": 30
    },
    "keyword_short": {
      "hit@1": 0.5333333333333333,
      "hit@3": 0.8333333333333334,
      "hit@5": 0.9,
      "hit@10": 0.9666666666666667,
      "recall@5": 0.9,
      "rr": 0.7000396825396824,
      "ndcg@10": 0.7656647284386603,
      "n": 30
    }
  }
}