{
  "n": 20,
  "overall": {
    "hit@1": 0.5,
    "hit@3": 0.9,
    "hit@5": 0.9,
    "hit@10": 0.95,
    "recall@5": 0.9,
    "rr": 0.6888888888888889,
    "ndcg@10": 0.7543304258546364
  },
  "by_q_type": {
    "manual_inscope": {
      "hit@1": 0.5,
      "hit@3": 0.9,
      "hit@5": 0.9,
      "hit@10": 0.95,
      "recall@5": 0.9,
      "rr": 0.6888888888888889,
      "ndcg@10": 0.7543304258546364,
      "n": 20
    }
  }
}